<?xml version="1.0" encoding="UTF-8" standalone="no"?>
<contestStandings>
  <standingsHeader currentDate="Sun Dec 02 12:53:13 GMT+01:00 2018" generatorId="$Id$" groupCount="1" medianProblemsSolved="0" problemCount="5" problemsAttempted="1" siteCount="1" systemName="CSUS Programming Contest System" systemURL="http://pc2.ecs.csus.edu/" systemVersion="9.5.3 20180207 build 4653" title="FSTM Competitive Programing Test 1" totalAttempts="1" totalSolved="1">
    <groupList/>
    <colorList/>
    <problem attempts="1" bestSolutionTime="12" id="1" lastSolutionTime="12" numberSolved="1" title="Problem A"/>
    <problem attempts="0" id="2" numberSolved="0" title="Problem B "/>
    <problem attempts="0" id="3" numberSolved="0" title="Problem C"/>
    <problem attempts="0" id="4" numberSolved="0" title="Problem D"/>
    <problem attempts="0" id="5" numberSolved="0" title="Problem E"/>
  </standingsHeader>
  <teamStanding firstSolved="12" index="0" lastSolved="12" points="12" problemsAttempted="1" rank="1" solved="1" teamAlias="team1 (not aliasesd)" teamExternalId="1001" teamId="1" teamKey="1TEAM1" teamName="team1" teamSiteId="1" totalAttempts="1">
    <problemSummaryInfo attempts="1" index="1" isPending="false" isSolved="true" points="12" problemId="Problem A-1965532745568768063" solutionTime="12"/>
    <problemSummaryInfo attempts="0" index="2" isPending="false" isSolved="false" points="0" problemId="Problem B -4288662407368151228" solutionTime="0"/>
    <problemSummaryInfo attempts="0" index="3" isPending="false" isSolved="false" points="0" problemId="Problem C-2508415546948449295" solutionTime="0"/>
    <problemSummaryInfo attempts="0" index="4" isPending="false" isSolved="false" points="0" problemId="Problem D--2341884993886343382" solutionTime="0"/>
    <problemSummaryInfo attempts="0" index="5" isPending="false" isSolved="false" points="0" problemId="Problem E--4387430229685703670" solutionTime="0"/>
  </teamStanding>
  <teamStanding firstSolved="-1" index="1" lastSolved="0" points="0" problemsAttempted="0" rank="2" solved="0" teamAlias="team2 (not aliasesd)" teamExternalId="1002" teamId="2" teamKey="1TEAM2" teamName="team2" teamSiteId="1" totalAttempts="0">
    <problemSummaryInfo attempts="0" index="1" isPending="false" isSolved="false" points="0" problemId="Problem A-1965532745568768063" solutionTime="0"/>
    <problemSummaryInfo attempts="0" index="2" isPending="false" isSolved="false" points="0" problemId="Problem B -4288662407368151228" solutionTime="0"/>
    <problemSummaryInfo attempts="0" index="3" isPending="false" isSolved="false" points="0" problemId="Problem C-2508415546948449295" solutionTime="0"/>
    <problemSummaryInfo attempts="0" index="4" isPending="false" isSolved="false" points="0" problemId="Problem D--2341884993886343382" solutionTime="0"/>
    <problemSummaryInfo attempts="0" index="5" isPending="false" isSolved="false" points="0" problemId="Problem E--4387430229685703670" solutionTime="0"/>
  </teamStanding>
  <teamStanding firstSolved="-1" index="2" lastSolved="0" points="0" problemsAttempted="0" rank="2" solved="0" teamAlias="team3 (not aliasesd)" teamExternalId="1003" teamId="3" teamKey="1TEAM3" teamName="team3" teamSiteId="1" totalAttempts="0">
    <problemSummaryInfo attempts="0" index="1" isPending="false" isSolved="false" points="0" problemId="Problem A-1965532745568768063" solutionTime="0"/>
    <problemSummaryInfo attempts="0" index="2" isPending="false" isSolved="false" points="0" problemId="Problem B -4288662407368151228" solutionTime="0"/>
    <problemSummaryInfo attempts="0" index="3" isPending="false" isSolved="false" points="0" problemId="Problem C-2508415546948449295" solutionTime="0"/>
    <problemSummaryInfo attempts="0" index="4" isPending="false" isSolved="false" points="0" problemId="Problem D--2341884993886343382" solutionTime="0"/>
    <problemSummaryInfo attempts="0" index="5" isPending="false" isSolved="false" points="0" problemId="Problem E--4387430229685703670" solutionTime="0"/>
  </teamStanding>
  <teamStanding firstSolved="-1" index="3" lastSolved="0" points="0" problemsAttempted="0" rank="2" solved="0" teamAlias="team4 (not aliasesd)" teamExternalId="1004" teamId="4" teamKey="1TEAM4" teamName="team4" teamSiteId="1" totalAttempts="0">
    <problemSummaryInfo attempts="0" index="1" isPending="false" isSolved="false" points="0" problemId="Problem A-1965532745568768063" solutionTime="0"/>
    <problemSummaryInfo attempts="0" index="2" isPending="false" isSolved="false" points="0" problemId="Problem B -4288662407368151228" solutionTime="0"/>
    <problemSummaryInfo attempts="0" index="3" isPending="false" isSolved="false" points="0" problemId="Problem C-2508415546948449295" solutionTime="0"/>
    <problemSummaryInfo attempts="0" index="4" isPending="false" isSolved="false" points="0" problemId="Problem D--2341884993886343382" solutionTime="0"/>
    <problemSummaryInfo attempts="0" index="5" isPending="false" isSolved="false" points="0" problemId="Problem E--4387430229685703670" solutionTime="0"/>
  </teamStanding>
  <teamStanding firstSolved="-1" index="4" lastSolved="0" points="0" problemsAttempted="0" rank="2" solved="0" teamAlias="team5 (not aliasesd)" teamExternalId="1005" teamId="5" teamKey="1TEAM5" teamName="team5" teamSiteId="1" totalAttempts="0">
    <problemSummaryInfo attempts="0" index="1" isPending="false" isSolved="false" points="0" problemId="Problem A-1965532745568768063" solutionTime="0"/>
    <problemSummaryInfo attempts="0" index="2" isPending="false" isSolved="false" points="0" problemId="Problem B -4288662407368151228" solutionTime="0"/>
    <problemSummaryInfo attempts="0" index="3" isPending="false" isSolved="false" points="0" problemId="Problem C-2508415546948449295" solutionTime="0"/>
    <problemSummaryInfo attempts="0" index="4" isPending="false" isSolved="false" points="0" problemId="Problem D--2341884993886343382" solutionTime="0"/>
    <problemSummaryInfo attempts="0" index="5" isPending="false" isSolved="false" points="0" problemId="Problem E--4387430229685703670" solutionTime="0"/>
  </teamStanding>
  <teamStanding firstSolved="-1" index="5" lastSolved="0" points="0" problemsAttempted="0" rank="2" solved="0" teamAlias="team6 (not aliasesd)" teamExternalId="1006" teamId="6" teamKey="1TEAM6" teamName="team6" teamSiteId="1" totalAttempts="0">
    <problemSummaryInfo attempts="0" index="1" isPending="false" isSolved="false" points="0" problemId="Problem A-1965532745568768063" solutionTime="0"/>
    <problemSummaryInfo attempts="0" index="2" isPending="false" isSolved="false" points="0" problemId="Problem B -4288662407368151228" solutionTime="0"/>
    <problemSummaryInfo attempts="0" index="3" isPending="false" isSolved="false" points="0" problemId="Problem C-2508415546948449295" solutionTime="0"/>
    <problemSummaryInfo attempts="0" index="4" isPending="false" isSolved="false" points="0" problemId="Problem D--2341884993886343382" solutionTime="0"/>
    <problemSummaryInfo attempts="0" index="5" isPending="false" isSolved="false" points="0" problemId="Problem E--4387430229685703670" solutionTime="0"/>
  </teamStanding>
  <teamStanding firstSolved="-1" index="6" lastSolved="0" points="0" problemsAttempted="0" rank="2" solved="0" teamAlias="team7 (not aliasesd)" teamExternalId="1007" teamId="7" teamKey="1TEAM7" teamName="team7" teamSiteId="1" totalAttempts="0">
    <problemSummaryInfo attempts="0" index="1" isPending="false" isSolved="false" points="0" problemId="Problem A-1965532745568768063" solutionTime="0"/>
    <problemSummaryInfo attempts="0" index="2" isPending="false" isSolved="false" points="0" problemId="Problem B -4288662407368151228" solutionTime="0"/>
    <problemSummaryInfo attempts="0" index="3" isPending="false" isSolved="false" points="0" problemId="Problem C-2508415546948449295" solutionTime="0"/>
    <problemSummaryInfo attempts="0" index="4" isPending="false" isSolved="false" points="0" problemId="Problem D--2341884993886343382" solutionTime="0"/>
    <problemSummaryInfo attempts="0" index="5" isPending="false" isSolved="false" points="0" problemId="Problem E--4387430229685703670" solutionTime="0"/>
  </teamStanding>
  <teamStanding firstSolved="-1" index="7" lastSolved="0" points="0" problemsAttempted="0" rank="2" solved="0" teamAlias="team8 (not aliasesd)" teamExternalId="1008" teamId="8" teamKey="1TEAM8" teamName="team8" teamSiteId="1" totalAttempts="0">
    <problemSummaryInfo attempts="0" index="1" isPending="false" isSolved="false" points="0" problemId="Problem A-1965532745568768063" solutionTime="0"/>
    <problemSummaryInfo attempts="0" index="2" isPending="false" isSolved="false" points="0" problemId="Problem B -4288662407368151228" solutionTime="0"/>
    <problemSummaryInfo attempts="0" index="3" isPending="false" isSolved="false" points="0" problemId="Problem C-2508415546948449295" solutionTime="0"/>
    <problemSummaryInfo attempts="0" index="4" isPending="false" isSolved="false" points="0" problemId="Problem D--2341884993886343382" solutionTime="0"/>
    <problemSummaryInfo attempts="0" index="5" isPending="false" isSolved="false" points="0" problemId="Problem E--4387430229685703670" solutionTime="0"/>
  </teamStanding>
</contestStandings>
