<?xml version="1.0" encoding="UTF-8" standalone="no"?>
<contestStandings>
  <standingsHeader currentDate="Thu Sep 06 15:49:15 GMT+01:00 2018" generatorId="$Id$" groupCount="1" medianProblemsSolved="0" problemCount="4" problemsAttempted="0" siteCount="1" systemName="CSUS Programming Contest System" systemURL="http://pc2.ecs.csus.edu/" systemVersion="9.5.3 20180207 build 4653" title="Programming Contest" totalAttempts="0" totalSolved="0">
    <groupList/>
    <colorList/>
    <problem attempts="0" id="1" numberSolved="0" title="Problem A"/>
    <problem attempts="0" id="2" numberSolved="0" title="Problem B"/>
    <problem attempts="0" id="3" numberSolved="0" title="Problem C"/>
    <problem attempts="0" id="4" numberSolved="0" title="Problem D"/>
  </standingsHeader>
  <teamStanding firstSolved="-1" index="0" lastSolved="0" points="0" problemsAttempted="0" rank="1" solved="0" teamAlias="team1 (not aliasesd)" teamExternalId="1001" teamId="1" teamKey="1TEAM1" teamName="team1" teamSiteId="1" totalAttempts="0">
    <problemSummaryInfo attempts="0" index="1" isPending="false" isSolved="false" points="0" problemId="Problem A--1435759237853678225" solutionTime="0"/>
    <problemSummaryInfo attempts="0" index="2" isPending="false" isSolved="false" points="0" problemId="Problem B-5624396676704799509" solutionTime="0"/>
    <problemSummaryInfo attempts="0" index="3" isPending="false" isSolved="false" points="0" problemId="Problem C-7208827976184702829" solutionTime="0"/>
    <problemSummaryInfo attempts="0" index="4" isPending="false" isSolved="false" points="0" problemId="Problem D--4543580459996921472" solutionTime="0"/>
  </teamStanding>
  <teamStanding firstSolved="-1" index="1" lastSolved="0" points="0" problemsAttempted="0" rank="1" solved="0" teamAlias="team2 (not aliasesd)" teamExternalId="1002" teamId="2" teamKey="1TEAM2" teamName="team2" teamSiteId="1" totalAttempts="0">
    <problemSummaryInfo attempts="0" index="1" isPending="false" isSolved="false" points="0" problemId="Problem A--1435759237853678225" solutionTime="0"/>
    <problemSummaryInfo attempts="0" index="2" isPending="false" isSolved="false" points="0" problemId="Problem B-5624396676704799509" solutionTime="0"/>
    <problemSummaryInfo attempts="0" index="3" isPending="false" isSolved="false" points="0" problemId="Problem C-7208827976184702829" solutionTime="0"/>
    <problemSummaryInfo attempts="0" index="4" isPending="false" isSolved="false" points="0" problemId="Problem D--4543580459996921472" solutionTime="0"/>
  </teamStanding>
  <teamStanding firstSolved="-1" index="2" lastSolved="0" points="0" problemsAttempted="0" rank="1" solved="0" teamAlias="team3 (not aliasesd)" teamExternalId="1003" teamId="3" teamKey="1TEAM3" teamName="team3" teamSiteId="1" totalAttempts="0">
    <problemSummaryInfo attempts="0" index="1" isPending="false" isSolved="false" points="0" problemId="Problem A--1435759237853678225" solutionTime="0"/>
    <problemSummaryInfo attempts="0" index="2" isPending="false" isSolved="false" points="0" problemId="Problem B-5624396676704799509" solutionTime="0"/>
    <problemSummaryInfo attempts="0" index="3" isPending="false" isSolved="false" points="0" problemId="Problem C-7208827976184702829" solutionTime="0"/>
    <problemSummaryInfo attempts="0" index="4" isPending="false" isSolved="false" points="0" problemId="Problem D--4543580459996921472" solutionTime="0"/>
  </teamStanding>
</contestStandings>
