<?xml version="1.0" encoding="UTF-8" standalone="no"?>
<contestStandings>
  <standingsHeader currentDate="Mon Dec 03 14:29:24 GMT+01:00 2018" generatorId="$Id$" groupCount="1" medianProblemsSolved="0" problemCount="7" problemsAttempted="3" siteCount="1" systemName="CSUS Programming Contest System" systemURL="http://pc2.ecs.csus.edu/" systemVersion="9.5.3 20180207 build 4653" title="FSTM Local Contest" totalAttempts="38" totalSolved="3">
    <groupList/>
    <colorList/>
    <problem attempts="28" bestSolutionTime="18" id="1" lastSolutionTime="77" numberSolved="3" title="Problem A"/>
    <problem attempts="0" id="2" numberSolved="0" title="Problem B"/>
    <problem attempts="0" id="3" numberSolved="0" title="Problem C"/>
    <problem attempts="6" id="4" numberSolved="0" title="Problem D"/>
    <problem attempts="0" id="5" numberSolved="0" title="Problem E"/>
    <problem attempts="0" id="6" numberSolved="0" title="Problem F"/>
    <problem attempts="4" id="7" numberSolved="0" title="Problem G"/>
  </standingsHeader>
  <teamStanding firstSolved="18" index="0" lastSolved="18" points="18" problemsAttempted="2" rank="1" solved="1" teamAlias="team5 (not aliasesd)" teamExternalId="1005" teamId="5" teamKey="1TEAM5" teamName="team5" teamSiteId="1" totalAttempts="2">
    <problemSummaryInfo attempts="1" index="1" isPending="false" isSolved="true" points="18" problemId="Problem A-48513217037379420" solutionTime="18"/>
    <problemSummaryInfo attempts="0" index="2" isPending="false" isSolved="false" points="0" problemId="Problem B-4711461552210795176" solutionTime="0"/>
    <problemSummaryInfo attempts="0" index="3" isPending="false" isSolved="false" points="0" problemId="Problem C-7252083201321152163" solutionTime="0"/>
    <problemSummaryInfo attempts="1" index="4" isPending="false" isSolved="false" points="0" problemId="Problem D--8374695643012369373" solutionTime="-1"/>
    <problemSummaryInfo attempts="0" index="5" isPending="false" isSolved="false" points="0" problemId="Problem D--2194923650627850374" solutionTime="0"/>
    <problemSummaryInfo attempts="0" index="6" isPending="false" isSolved="false" points="0" problemId="Problem E-1485717013884183500" solutionTime="0"/>
    <problemSummaryInfo attempts="0" index="7" isPending="false" isSolved="false" points="0" problemId="Problem G--5622467530795913780" solutionTime="0"/>
  </teamStanding>
  <teamStanding firstSolved="63" index="1" lastSolved="63" points="83" problemsAttempted="2" rank="2" solved="1" teamAlias="team10 (not aliasesd)" teamExternalId="1010" teamId="10" teamKey="1TEAM10" teamName="team10" teamSiteId="1" totalAttempts="4">
    <problemSummaryInfo attempts="3" index="1" isPending="false" isSolved="true" points="83" problemId="Problem A-48513217037379420" solutionTime="63"/>
    <problemSummaryInfo attempts="0" index="2" isPending="false" isSolved="false" points="0" problemId="Problem B-4711461552210795176" solutionTime="0"/>
    <problemSummaryInfo attempts="0" index="3" isPending="false" isSolved="false" points="0" problemId="Problem C-7252083201321152163" solutionTime="0"/>
    <problemSummaryInfo attempts="0" index="4" isPending="false" isSolved="false" points="0" problemId="Problem D--8374695643012369373" solutionTime="0"/>
    <problemSummaryInfo attempts="0" index="5" isPending="false" isSolved="false" points="0" problemId="Problem D--2194923650627850374" solutionTime="0"/>
    <problemSummaryInfo attempts="0" index="6" isPending="false" isSolved="false" points="0" problemId="Problem E-1485717013884183500" solutionTime="0"/>
    <problemSummaryInfo attempts="1" index="7" isPending="false" isSolved="false" points="0" problemId="Problem G--5622467530795913780" solutionTime="-1"/>
  </teamStanding>
  <teamStanding firstSolved="77" index="2" lastSolved="77" points="157" problemsAttempted="2" rank="3" solved="1" teamAlias="team8 (not aliasesd)" teamExternalId="1008" teamId="8" teamKey="1TEAM8" teamName="team8" teamSiteId="1" totalAttempts="7">
    <problemSummaryInfo attempts="5" index="1" isPending="false" isSolved="true" points="157" problemId="Problem A-48513217037379420" solutionTime="77"/>
    <problemSummaryInfo attempts="0" index="2" isPending="false" isSolved="false" points="0" problemId="Problem B-4711461552210795176" solutionTime="0"/>
    <problemSummaryInfo attempts="0" index="3" isPending="false" isSolved="false" points="0" problemId="Problem C-7252083201321152163" solutionTime="0"/>
    <problemSummaryInfo attempts="2" index="4" isPending="false" isSolved="false" points="0" problemId="Problem D--8374695643012369373" solutionTime="-1"/>
    <problemSummaryInfo attempts="0" index="5" isPending="false" isSolved="false" points="0" problemId="Problem D--2194923650627850374" solutionTime="0"/>
    <problemSummaryInfo attempts="0" index="6" isPending="false" isSolved="false" points="0" problemId="Problem E-1485717013884183500" solutionTime="0"/>
    <problemSummaryInfo attempts="0" index="7" isPending="false" isSolved="false" points="0" problemId="Problem G--5622467530795913780" solutionTime="0"/>
  </teamStanding>
  <teamStanding firstSolved="-1" index="3" lastSolved="0" points="0" problemsAttempted="1" rank="4" solved="0" teamAlias="team1 (not aliasesd)" teamExternalId="1001" teamId="1" teamKey="1TEAM1" teamName="team1" teamSiteId="1" totalAttempts="1">
    <problemSummaryInfo attempts="0" index="1" isPending="false" isSolved="false" points="0" problemId="Problem A-48513217037379420" solutionTime="0"/>
    <problemSummaryInfo attempts="0" index="2" isPending="false" isSolved="false" points="0" problemId="Problem B-4711461552210795176" solutionTime="0"/>
    <problemSummaryInfo attempts="0" index="3" isPending="false" isSolved="false" points="0" problemId="Problem C-7252083201321152163" solutionTime="0"/>
    <problemSummaryInfo attempts="0" index="4" isPending="false" isSolved="false" points="0" problemId="Problem D--8374695643012369373" solutionTime="0"/>
    <problemSummaryInfo attempts="0" index="5" isPending="false" isSolved="false" points="0" problemId="Problem D--2194923650627850374" solutionTime="0"/>
    <problemSummaryInfo attempts="0" index="6" isPending="false" isSolved="false" points="0" problemId="Problem E-1485717013884183500" solutionTime="0"/>
    <problemSummaryInfo attempts="1" index="7" isPending="false" isSolved="false" points="0" problemId="Problem G--5622467530795913780" solutionTime="-1"/>
  </teamStanding>
  <teamStanding firstSolved="-1" index="4" lastSolved="0" points="0" problemsAttempted="1" rank="4" solved="0" teamAlias="team2 (not aliasesd)" teamExternalId="1002" teamId="2" teamKey="1TEAM2" teamName="team2" teamSiteId="1" totalAttempts="2">
    <problemSummaryInfo attempts="2" index="1" isPending="false" isSolved="false" points="0" problemId="Problem A-48513217037379420" solutionTime="-1"/>
    <problemSummaryInfo attempts="0" index="2" isPending="false" isSolved="false" points="0" problemId="Problem B-4711461552210795176" solutionTime="0"/>
    <problemSummaryInfo attempts="0" index="3" isPending="false" isSolved="false" points="0" problemId="Problem C-7252083201321152163" solutionTime="0"/>
    <problemSummaryInfo attempts="0" index="4" isPending="false" isSolved="false" points="0" problemId="Problem D--8374695643012369373" solutionTime="0"/>
    <problemSummaryInfo attempts="0" index="5" isPending="false" isSolved="false" points="0" problemId="Problem D--2194923650627850374" solutionTime="0"/>
    <problemSummaryInfo attempts="0" index="6" isPending="false" isSolved="false" points="0" problemId="Problem E-1485717013884183500" solutionTime="0"/>
    <problemSummaryInfo attempts="0" index="7" isPending="false" isSolved="false" points="0" problemId="Problem G--5622467530795913780" solutionTime="0"/>
  </teamStanding>
  <teamStanding firstSolved="-1" index="5" lastSolved="0" points="0" problemsAttempted="1" rank="4" solved="0" teamAlias="team3 (not aliasesd)" teamExternalId="1003" teamId="3" teamKey="1TEAM3" teamName="team3" teamSiteId="1" totalAttempts="2">
    <problemSummaryInfo attempts="2" index="1" isPending="false" isSolved="false" points="0" problemId="Problem A-48513217037379420" solutionTime="-1"/>
    <problemSummaryInfo attempts="0" index="2" isPending="false" isSolved="false" points="0" problemId="Problem B-4711461552210795176" solutionTime="0"/>
    <problemSummaryInfo attempts="0" index="3" isPending="false" isSolved="false" points="0" problemId="Problem C-7252083201321152163" solutionTime="0"/>
    <problemSummaryInfo attempts="0" index="4" isPending="false" isSolved="false" points="0" problemId="Problem D--8374695643012369373" solutionTime="0"/>
    <problemSummaryInfo attempts="0" index="5" isPending="false" isSolved="false" points="0" problemId="Problem D--2194923650627850374" solutionTime="0"/>
    <problemSummaryInfo attempts="0" index="6" isPending="false" isSolved="false" points="0" problemId="Problem E-1485717013884183500" solutionTime="0"/>
    <problemSummaryInfo attempts="0" index="7" isPending="false" isSolved="false" points="0" problemId="Problem G--5622467530795913780" solutionTime="0"/>
  </teamStanding>
  <teamStanding firstSolved="-1" index="6" lastSolved="0" points="0" problemsAttempted="1" rank="4" solved="0" teamAlias="team4 (not aliasesd)" teamExternalId="1004" teamId="4" teamKey="1TEAM4" teamName="team4" teamSiteId="1" totalAttempts="1">
    <problemSummaryInfo attempts="0" index="1" isPending="false" isSolved="false" points="0" problemId="Problem A-48513217037379420" solutionTime="0"/>
    <problemSummaryInfo attempts="0" index="2" isPending="false" isSolved="false" points="0" problemId="Problem B-4711461552210795176" solutionTime="0"/>
    <problemSummaryInfo attempts="0" index="3" isPending="false" isSolved="false" points="0" problemId="Problem C-7252083201321152163" solutionTime="0"/>
    <problemSummaryInfo attempts="1" index="4" isPending="false" isSolved="false" points="0" problemId="Problem D--8374695643012369373" solutionTime="-1"/>
    <problemSummaryInfo attempts="0" index="5" isPending="false" isSolved="false" points="0" problemId="Problem D--2194923650627850374" solutionTime="0"/>
    <problemSummaryInfo attempts="0" index="6" isPending="false" isSolved="false" points="0" problemId="Problem E-1485717013884183500" solutionTime="0"/>
    <problemSummaryInfo attempts="0" index="7" isPending="false" isSolved="false" points="0" problemId="Problem G--5622467530795913780" solutionTime="0"/>
  </teamStanding>
  <teamStanding firstSolved="-1" index="7" lastSolved="0" points="0" problemsAttempted="2" rank="4" solved="0" teamAlias="team6 (not aliasesd)" teamExternalId="1006" teamId="6" teamKey="1TEAM6" teamName="team6" teamSiteId="1" totalAttempts="3">
    <problemSummaryInfo attempts="2" index="1" isPending="false" isSolved="false" points="0" problemId="Problem A-48513217037379420" solutionTime="-1"/>
    <problemSummaryInfo attempts="0" index="2" isPending="false" isSolved="false" points="0" problemId="Problem B-4711461552210795176" solutionTime="0"/>
    <problemSummaryInfo attempts="0" index="3" isPending="false" isSolved="false" points="0" problemId="Problem C-7252083201321152163" solutionTime="0"/>
    <problemSummaryInfo attempts="0" index="4" isPending="false" isSolved="false" points="0" problemId="Problem D--8374695643012369373" solutionTime="0"/>
    <problemSummaryInfo attempts="0" index="5" isPending="false" isSolved="false" points="0" problemId="Problem D--2194923650627850374" solutionTime="0"/>
    <problemSummaryInfo attempts="0" index="6" isPending="false" isSolved="false" points="0" problemId="Problem E-1485717013884183500" solutionTime="0"/>
    <problemSummaryInfo attempts="1" index="7" isPending="false" isSolved="false" points="0" problemId="Problem G--5622467530795913780" solutionTime="-1"/>
  </teamStanding>
  <teamStanding firstSolved="-1" index="8" lastSolved="0" points="0" problemsAttempted="1" rank="4" solved="0" teamAlias="team7 (not aliasesd)" teamExternalId="1007" teamId="7" teamKey="1TEAM7" teamName="team7" teamSiteId="1" totalAttempts="2">
    <problemSummaryInfo attempts="2" index="1" isPending="true" isSolved="false" points="0" problemId="Problem A-48513217037379420" solutionTime="-1"/>
    <problemSummaryInfo attempts="0" index="2" isPending="false" isSolved="false" points="0" problemId="Problem B-4711461552210795176" solutionTime="0"/>
    <problemSummaryInfo attempts="0" index="3" isPending="false" isSolved="false" points="0" problemId="Problem C-7252083201321152163" solutionTime="0"/>
    <problemSummaryInfo attempts="0" index="4" isPending="false" isSolved="false" points="0" problemId="Problem D--8374695643012369373" solutionTime="0"/>
    <problemSummaryInfo attempts="0" index="5" isPending="false" isSolved="false" points="0" problemId="Problem D--2194923650627850374" solutionTime="0"/>
    <problemSummaryInfo attempts="0" index="6" isPending="false" isSolved="false" points="0" problemId="Problem E-1485717013884183500" solutionTime="0"/>
    <problemSummaryInfo attempts="0" index="7" isPending="false" isSolved="false" points="0" problemId="Problem G--5622467530795913780" solutionTime="0"/>
  </teamStanding>
  <teamStanding firstSolved="-1" index="9" lastSolved="0" points="0" problemsAttempted="2" rank="4" solved="0" teamAlias="team9 (not aliasesd)" teamExternalId="1009" teamId="9" teamKey="1TEAM9" teamName="team9" teamSiteId="1" totalAttempts="3">
    <problemSummaryInfo attempts="1" index="1" isPending="true" isSolved="false" points="0" problemId="Problem A-48513217037379420" solutionTime="-1"/>
    <problemSummaryInfo attempts="0" index="2" isPending="false" isSolved="false" points="0" problemId="Problem B-4711461552210795176" solutionTime="0"/>
    <problemSummaryInfo attempts="0" index="3" isPending="false" isSolved="false" points="0" problemId="Problem C-7252083201321152163" solutionTime="0"/>
    <problemSummaryInfo attempts="2" index="4" isPending="false" isSolved="false" points="0" problemId="Problem D--8374695643012369373" solutionTime="-1"/>
    <problemSummaryInfo attempts="0" index="5" isPending="false" isSolved="false" points="0" problemId="Problem D--2194923650627850374" solutionTime="0"/>
    <problemSummaryInfo attempts="0" index="6" isPending="false" isSolved="false" points="0" problemId="Problem E-1485717013884183500" solutionTime="0"/>
    <problemSummaryInfo attempts="0" index="7" isPending="false" isSolved="false" points="0" problemId="Problem G--5622467530795913780" solutionTime="0"/>
  </teamStanding>
  <teamStanding firstSolved="-1" index="10" lastSolved="0" points="0" problemsAttempted="2" rank="4" solved="0" teamAlias="team11 (not aliasesd)" teamExternalId="1011" teamId="11" teamKey="1TEAM11" teamName="team11" teamSiteId="1" totalAttempts="5">
    <problemSummaryInfo attempts="4" index="1" isPending="false" isSolved="false" points="0" problemId="Problem A-48513217037379420" solutionTime="-1"/>
    <problemSummaryInfo attempts="0" index="2" isPending="false" isSolved="false" points="0" problemId="Problem B-4711461552210795176" solutionTime="0"/>
    <problemSummaryInfo attempts="0" index="3" isPending="false" isSolved="false" points="0" problemId="Problem C-7252083201321152163" solutionTime="0"/>
    <problemSummaryInfo attempts="0" index="4" isPending="false" isSolved="false" points="0" problemId="Problem D--8374695643012369373" solutionTime="0"/>
    <problemSummaryInfo attempts="0" index="5" isPending="false" isSolved="false" points="0" problemId="Problem D--2194923650627850374" solutionTime="0"/>
    <problemSummaryInfo attempts="0" index="6" isPending="false" isSolved="false" points="0" problemId="Problem E-1485717013884183500" solutionTime="0"/>
    <problemSummaryInfo attempts="1" index="7" isPending="false" isSolved="false" points="0" problemId="Problem G--5622467530795913780" solutionTime="-1"/>
  </teamStanding>
  <teamStanding firstSolved="-1" index="11" lastSolved="0" points="0" problemsAttempted="1" rank="4" solved="0" teamAlias="team12 (not aliasesd)" teamExternalId="1012" teamId="12" teamKey="1TEAM12" teamName="team12" teamSiteId="1" totalAttempts="4">
    <problemSummaryInfo attempts="4" index="1" isPending="false" isSolved="false" points="0" problemId="Problem A-48513217037379420" solutionTime="-1"/>
    <problemSummaryInfo attempts="0" index="2" isPending="false" isSolved="false" points="0" problemId="Problem B-4711461552210795176" solutionTime="0"/>
    <problemSummaryInfo attempts="0" index="3" isPending="false" isSolved="false" points="0" problemId="Problem C-7252083201321152163" solutionTime="0"/>
    <problemSummaryInfo attempts="0" index="4" isPending="false" isSolved="false" points="0" problemId="Problem D--8374695643012369373" solutionTime="0"/>
    <problemSummaryInfo attempts="0" index="5" isPending="false" isSolved="false" points="0" problemId="Problem D--2194923650627850374" solutionTime="0"/>
    <problemSummaryInfo attempts="0" index="6" isPending="false" isSolved="false" points="0" problemId="Problem E-1485717013884183500" solutionTime="0"/>
    <problemSummaryInfo attempts="0" index="7" isPending="false" isSolved="false" points="0" problemId="Problem G--5622467530795913780" solutionTime="0"/>
  </teamStanding>
  <teamStanding firstSolved="-1" index="12" lastSolved="0" points="0" problemsAttempted="1" rank="4" solved="0" teamAlias="team13 (not aliasesd)" teamExternalId="1013" teamId="13" teamKey="1TEAM13" teamName="team13" teamSiteId="1" totalAttempts="2">
    <problemSummaryInfo attempts="2" index="1" isPending="false" isSolved="false" points="0" problemId="Problem A-48513217037379420" solutionTime="-1"/>
    <problemSummaryInfo attempts="0" index="2" isPending="false" isSolved="false" points="0" problemId="Problem B-4711461552210795176" solutionTime="0"/>
    <problemSummaryInfo attempts="0" index="3" isPending="false" isSolved="false" points="0" problemId="Problem C-7252083201321152163" solutionTime="0"/>
    <problemSummaryInfo attempts="0" index="4" isPending="false" isSolved="false" points="0" problemId="Problem D--8374695643012369373" solutionTime="0"/>
    <problemSummaryInfo attempts="0" index="5" isPending="false" isSolved="false" points="0" problemId="Problem D--2194923650627850374" solutionTime="0"/>
    <problemSummaryInfo attempts="0" index="6" isPending="false" isSolved="false" points="0" problemId="Problem E-1485717013884183500" solutionTime="0"/>
    <problemSummaryInfo attempts="0" index="7" isPending="false" isSolved="false" points="0" problemId="Problem G--5622467530795913780" solutionTime="0"/>
  </teamStanding>
</contestStandings>
